date,close,equity_momentum,equity_grid,equity_dca
2013-07-29,0.992000,10000.000000,9998.000009,9999.968971
2013-08-16,1.024000,10000.000000,10163.702049,10001.970873
2013-09-05,1.039000,10000.000000,10212.884208,10002.286634
2013-09-27,0.990000,10000.000000,10108.063105,9996.291345
2013-10-24,0.991000,10000.000000,10131.106267,9996.475751
2013-11-13,0.944000,10000.000000,9904.855527,9985.742947
2013-12-03,0.910000,10000.000000,9672.958824,9977.280244
2013-12-23,0.893000,10000.000000,9535.862664,9971.905063
2014-01-13,0.924000,10000.000000,9785.861544,9982.839011
2014-02-07,0.937000,10000.000000,9909.296898,9987.807903
2014-02-27,0.983000,10320.470017,10205.524241,10008.546583
2014-03-19,1.012000,10624.939630,10343.961705,10023.226383
2014-04-09,0.986000,10351.966873,10270.229092,10009.837047
2014-04-29,0.983000,10199.879052,10489.089523,10008.106884
2014-05-21,0.980000,10199.879052,10485.575929,10006.409081
2014-06-11,0.955000,10199.879052,10321.331968,9990.375269
2014-07-01,0.996000,10199.879052,10617.564592,10019.284144
2014-07-21,0.989000,10032.791837,10589.338912,10013.696242
2014-08-08,0.988000,9911.287412,10658.999144,10012.897997
2014-08-28,0.963000,9816.297348,10518.948623,9992.147289
2014-09-18,0.920000,9816.297348,10172.175983,9954.911407
2014-10-15,0.917000,9816.297348,10147.982543,9952.192862
2014-11-04,0.875000,9816.297348,9809.274383,9911.725250
2014-11-24,0.891000,9816.297348,9938.306063,9928.901995
2014-12-12,0.919000,9816.297348,10164.111503,9957.855899
2015-01-05,0.912000,9687.946016,10107.660143,9950.136964
2015-01-23,0.984000,10312.658695,10702.278527,10033.033590
2015-02-12,0.936000,9809.602174,10380.289304,9976.873117
2015-03-11,0.895000,9448.543836,10049.645624,9926.210822
2015-03-31,0.893000,9448.543836,10033.516664,9923.987692
2015-04-21,0.906000,9448.543836,10138.354904,9940.927816
2015-05-12,0.897000,9448.543836,10065.774584,9928.562076
2015-06-01,0.901000,9448.543836,10098.032504,9933.480757
2015-06-19,0.893000,9461.344239,10033.516664,9921.911785
2015-07-10,0.869000,9461.344239,9839.969144,9885.630080
2015-07-30,0.823000,9461.344239,9469.003064,9814.730861
2015-08-19,0.872000,9461.344239,9864.162584,9892.390782
2015-09-10,0.863000,9461.344239,9791.582264,9877.480499
2015-09-30,0.874000,9271.548578,9880.291544,9894.832621
2015-10-27,0.904000,9455.182019,10122.225944,9946.603856
2015-11-16,0.853000,8854.574005,9710.937464,9855.038893
2015-12-04,0.831000,8854.574005,9533.518904,9814.771333
2015-12-24,0.848000,8854.574005,9670.615064,9846.516420
2016-01-14,0.875000,8854.574005,9888.356024,9898.960303
2016-02-03,0.906000,8928.992128,10138.354904,9960.759107
2016-03-01,0.992000,9776.556502,10810.595421,10133.815807
2016-03-21,0.973000,9589.303908,10733.982861,10094.386865
2016-04-11,0.979000,9648.436306,10842.982373,10107.318380
2016-04-29,1.005000,9904.676698,10947.820613,10162.904468
2016-05-20,0.996000,9815.978101,10930.673512,10143.096637
2016-06-13,1.029000,9887.775914,11178.444337,10219.266061
2016-07-01,1.079000,10368.231497,11273.480424,10332.467590
2016-07-21,1.069000,10272.140381,11273.480424,10309.245926
2016-08-10,1.094000,10512.368172,11273.480424,10367.726213
2016-08-30,1.071000,10291.358604,11273.480424,10312.971031
2016-09-21,1.072000,10343.838767,11273.480424,10315.408287
2016-10-18,1.035000,10343.838767,11280.505594,10222.945253
2016-11-07,1.054000,10343.838767,11311.704043,10270.319962
2016-11-25,1.005000,10343.838767,11299.592202,10145.177962
2016-12-15,0.988000,10343.838767,11231.044122,10101.480082
2017-01-05,0.995000,10343.838767,11259.269802,10119.764398
2017-01-25,1.001000,10343.838767,11283.463242,10135.837489
2017-02-21,1.033000,10318.005473,11387.601203,10222.075057
2017-03-13,1.026000,10248.086753,11387.601203,10202.867855
2017-03-31,1.043000,10417.889360,11387.601203,10250.466826
2017-04-24,1.059000,10577.703578,11387.601203,10294.197630
2017-05-15,1.038000,10417.978730,11387.601203,10234.157809
2017-06-06,1.066000,10543.180151,11387.601203,10315.843569
2017-06-26,1.044000,10543.180151,11387.601203,10251.749986
2017-07-14,1.010000,10543.180151,11398.176760,10150.504148
2017-08-03,1.031000,10543.180151,11444.528609,10214.309512
2017-08-23,1.038000,10543.180151,11444.528609,10235.308707
2017-09-12,1.046000,10438.120370,11444.528609,10260.060943
2017-10-09,1.031000,10248.017326,11444.528609,10212.702373
2017-10-27,1.022000,10312.437695,11444.528609,10183.714465
2017-11-16,1.027000,10312.437695,11444.528609,10199.770590
2017-12-06,1.014000,10312.437695,11444.528609,10157.158431
2017-12-26,1.011000,10312.437695,11468.712977,10147.416837
2018-01-16,1.050000,10297.476932,11526.966829,10277.620997
2018-02-05,1.021000,10106.086065,11526.966829,10179.065436
2018-03-02,1.020000,9998.060829,11583.887703,10174.973816
2018-03-22,1.025000,9998.060829,11583.887703,10192.236089
2018-04-13,1.025000,9998.060829,11583.887703,10192.236089
2018-05-07,1.017000,9998.060829,11583.887703,10163.868886
2018-05-25,1.011000,9998.060829,11621.183402,10142.357568
2018-06-14,1.011000,9998.060829,11621.183402,10142.357568
2018-07-05,1.010000,9998.060829,11617.151162,10139.118220
2018-07-25,1.008000,9998.060829,11609.086682,10131.680581
2018-08-14,0.997000,9998.060829,11564.732042,10090.266993
2018-09-03,0.995000,9998.060829,11556.667562,10082.893898
2018-09-21,1.003000,9998.060829,11588.925482,10113.482317
2018-10-19,1.032000,10110.629759,11660.978829,10226.272145
2018-11-08,1.029000,10081.238394,11660.978829,10214.094445
2018-11-28,1.023000,10022.455663,11660.978829,10190.368520
2018-12-18,1.043000,10218.398100,11660.978829,10270.564777
2019-01-09,1.064000,10424.137658,11660.978829,10354.915290
2019-01-29,1.070000,10482.920390,11660.978829,10379.294083
2019-02-25,1.079000,10571.094486,11660.978829,10416.430809
2019-03-15,1.062000,10404.543415,11660.978829,10346.902154
2019-04-04,1.057000,10428.717813,11660.978829,10325.944372
2019-04-25,1.045000,10428.717813,11660.978829,10275.015619
2019-05-20,1.071000,10428.717813,11660.978829,10385.974230
2019-06-10,1.115000,10781.270182,11660.978829,10575.257996
2019-06-28,1.174000,11351.758918,11660.978829,10832.395765
2019-07-18,1.184000,11448.451924,11660.978829,10877.067991
2019-08-07,1.270000,12280.011776,11660.978829,11256.437002
2019-08-27,1.330000,12860.169812,11660.978829,11524.066624
2019-09-17,1.282000,12396.043383,11660.978829,11307.423525
2019-10-14,1.267000,12251.003874,11660.978829,11239.788320
2019-11-01,1.279000,12264.207304,11660.978829,11294.459433
2019-11-21,1.244000,12264.207304,11660.978829,11136.139997
2019-12-11,1.239000,12264.207304,11660.978829,11113.075206
2019-12-31,1.278000,12264.207304,11660.978829,11294.691980
2020-01-21,1.298000,12044.652224,11660.978829,11388.134251
2020-02-18,1.330000,12341.592802,11660.978829,11538.660367
2020-03-09,1.382000,12824.121242,11660.978829,11785.742096
2020-03-27,1.364000,12372.626179,11660.978829,11705.519057
2020-04-17,1.386000,12093.784117,11660.978829,11811.109625
2020-05-12,1.415000,12346.828662,11660.978829,11951.636587
2020-06-01,1.471000,12835.466403,11660.978829,12223.392737
2020-06-19,1.452000,12669.678598,11660.978829,12130.485255
2020-07-13,1.487000,12975.077187,11660.978829,12303.069369
2020-07-31,1.592000,13891.272952,11660.978829,12823.432354
2020-08-20,1.544000,13472.440602,11660.978829,12584.763766
2020-09-09,1.536000,13402.635211,11660.978829,12544.669291
2020-09-29,1.500000,12924.983093,11660.978829,12362.601201
2020-10-27,1.500000,12924.983093,11660.978829,12362.570171
2020-11-16,1.468000,12924.983093,11660.978829,12199.578807
2020-12-04,1.418000,12924.983093,11660.978829,11945.537268
2020-12-24,1.447000,12924.983093,11660.978829,12094.499920
2021-01-14,1.424000,12924.983093,11660.978829,11975.346093
2021-02-03,1.416000,12924.983093,11660.978829,11933.262684
2021-03-02,1.335000,12924.983093,11660.978829,11510.087729
2021-03-22,1.348000,12924.983093,11660.978829,11578.604037
2021-04-12,1.364000,12924.983093,11660.978829,11664.969403
2021-04-30,1.369000,12924.983093,11660.978829,11691.525871
2021-05-25,1.440000,13202.749692,11660.978829,12072.286884
2021-06-15,1.409000,12918.523831,11660.978829,11905.311286
2021-07-05,1.376000,12398.881024,11660.978829,11726.869673
2021-07-23,1.391000,12398.881024,11660.978829,11808.641908
2021-08-12,1.352000,12398.881024,11660.978829,11594.306491
2021-09-01,1.393000,12398.881024,11660.978829,11819.616753
2021-09-23,1.361000,12141.765889,11660.978829,11642.315005
2021-10-20,1.353000,12141.765889,11660.978829,11598.142553
2021-11-09,1.386000,12141.765889,11660.978829,11782.472073
2021-11-29,1.365000,11811.109029,11660.978829,11664.211436
2021-12-17,1.370000,11811.109029,11660.978829,11693.024701
2022-01-07,1.356000,11811.109029,11660.978829,11613.512046
2022-01-27,1.362000,11592.423325,11660.978829,11647.850197
2022-02-23,1.424000,11594.006881,11660.978829,12003.755712
2022-03-15,1.447000,11781.269633,11660.978829,12136.374529
2022-04-06,1.449000,11797.553350,11660.978829,12147.995075
2022-04-26,1.469000,11960.390526,11660.978829,12263.335932
2022-05-19,1.454000,11838.262644,11660.978829,12175.525639
2022-06-09,1.466000,11840.481301,11660.978829,12246.261229
2022-06-29,1.443000,11840.481301,11660.978829,12110.057341
2022-07-19,1.370000,11840.481301,11660.978829,11676.608802
2022-08-08,1.423000,11840.481301,11660.978829,11993.682610
2022-08-26,1.434000,11840.481301,11660.978829,12059.763775
2022-09-16,1.408000,11840.481301,11660.978829,11903.056387
2022-10-13,1.441000,11950.670463,11660.978829,12103.369350
2022-11-02,1.441000,11950.670463,11660.978829,12103.252306
2022-11-22,1.485000,12315.576431,11660.978829,12372.197530
2022-12-12,1.481000,12282.403161,11660.978829,12347.577981
2022-12-30,1.505000,12481.442780,11660.978829,12495.346826
2023-01-20,1.549000,12846.348748,11660.978829,12767.947597
2023-02-16,1.511000,12531.202685,11660.978829,12530.970432
2023-03-08,1.523000,12630.722494,11660.978829,12606.143207
2023-03-28,1.595000,13227.841351,11660.978829,13058.072828
2023-04-18,1.626000,13484.934192,11660.978829,13253.873159
2023-05-11,1.659000,13758.613668,11660.978829,13463.147207
2023-05-31,1.648000,13667.387176,11660.978829,13393.221374
2023-06-20,1.652000,13700.560446,11660.978829,13418.788295
2023-07-12,1.651000,13692.267128,11660.978829,13412.554050
2023-08-01,1.671000,13858.133477,11660.978829,13541.111682
2023-08-21,1.676000,13899.600065,11660.978829,13573.444542
2023-09-08,1.713000,14206.452811,11660.978829,13813.484064
2023-09-28,1.675000,13891.306747,11660.978829,13566.328718
2023-10-26,1.733000,14028.041836,11660.978829,13945.667372
2023-11-15,1.728000,13987.568548,11660.978829,13912.791411
2023-12-05,1.730000,14003.757863,11660.978829,13925.912686
2023-12-25,1.750000,13998.576361,11660.978829,14058.153180
2024-01-15,1.765000,14118.564158,11660.978829,14157.620590
2024-02-02,1.767000,14134.562531,11660.978829,14170.884293
2024-03-01,1.762000,14094.566599,11660.978829,14137.471858
2024-03-21,1.880000,15038.470604,11660.978829,14927.254540
2024-04-12,2.078000,16622.309528,11660.978829,16257.026744
2024-05-07,1.989000,15910.381930,11660.978829,15656.628943
2024-05-27,2.016000,16126.359966,11660.978829,15837.831111
2024-06-17,1.993000,15942.378676,11660.978829,15681.943467
2024-07-05,2.032000,16006.364169,11660.978829,15947.436475
2024-07-25,2.012000,15475.043771,11660.978829,15809.255208
2024-08-14,2.060000,15572.332109,11660.978829,16137.417623
2024-09-03,2.077000,15700.616807,11660.978829,16254.164939
2024-09-25,2.168000,16388.510946,11660.978829,16881.422313
2024-10-22,2.273000,17182.234954,11660.978829,17605.596931
2024-11-11,2.230000,16857.186075,11660.978829,17307.843460
2024-11-29,2.237000,16910.101008,11660.978829,17356.985316
2024-12-19,2.222000,16796.711865,11660.978829,17252.665963
2025-01-09,2.290000,17310.742650,11660.978829,17727.338891
2025-02-06,2.418000,18278.330011,11660.978829,18623.599010
2025-02-26,2.462000,18610.938167,11660.978829,18931.889319
2025-03-18,2.540000,19200.561715,11660.978829,19480.425090
2025-04-08,2.615000,19767.507435,11660.978829,20008.869834
2025-04-28,2.819000,21309.599792,11660.978829,21448.393071
2025-05-21,2.809000,21234.007029,11660.978829,21377.606540
2025-06-11,2.805000,21203.769924,11660.978829,21349.751483
2025-07-01,2.793000,21113.058609,11660.978829,21264.509025
2025-07-21,2.812000,21110.057576,11660.978829,21399.849290
2025-08-08,2.835000,21249.415515,11660.978829,21564.742703
2025-08-28,2.820000,20999.058425,11660.978829,21457.529966
2025-09-17,3.007000,22324.942474,11660.978829,22797.843843
2025-10-15,3.469000,25754.980190,11660.978829,26116.991791
2025-11-04,3.299000,24492.845100,11660.978829,24895.069380
2025-11-24,3.345000,24834.364007,11660.978829,25226.564139
2025-12-12,3.484000,25866.345051,11660.978829,26229.109062
2026-01-05,3.585000,26616.201781,11660.978829,26958.749954
2026-01-23,4.009000,29764.115183,11660.978829,30029.266881
2026-02-12,4.048000,30053.663822,11660.978829,30313.431380
2026-03-12,4.130000,30662.458395,11660.978829,30908.519632
2026-04-01,3.785000,24621.793867,11660.978829,28399.480014
2026-04-22,3.778000,24621.793867,11660.978829,28349.054366
2026-05-15,3.608000,24621.793867,11660.978829,27109.869381
2026-06-04,3.508000,24621.793867,11660.978829,26379.235252
2026-06-25,3.129000,24621.793867,11660.978829,23605.645735
2026-07-15,3.160000,24621.793867,11660.978829,23832.681985
2026-08-04,3.175000,24621.793867,11660.978829,23942.847833
2026-08-24,3.612000,25074.604995,11660.978829,27155.914378
2026-09-11,3.377000,22925.707090,11660.978829,25425.679949
2026-09-24,3.319000,22531.957901,11660.978829,24997.585162
